[
{
  "model": "auth.group",
  "pk": 1,
  "fields": {
    "name": "ADMIN",
    "permissions": [
      1,
      2,
      3,
      4,
      9,
      10,
      11,
      12,
      5,
      6,
      7,
      8,
      13,
      14,
      15,
      16,
      17,
      18,
      19,
      20,
      21,
      22,
      23,
      24
    ]
  }
},
{
  "model": "auth.group",
  "pk": 2,
  "fields": {
    "name": "CSSD",
    "permissions": []
  }
},
{
  "model": "auth.group",
  "pk": 3,
  "fields": {
    "name": "MALE",
    "permissions": []
  }
},
{
  "model": "auth.group",
  "pk": 4,
  "fields": {
    "name": "FEMALE",
    "permissions": []
  }
},
{
  "model": "auth.group",
  "pk": 5,
  "fields": {
    "name": "SPECIALTY",
    "permissions": []
  }
},
{
  "model": "auth.group",
  "pk": 6,
  "fields": {
    "name": "EMERGENCY",
    "permissions": []
  }
},
{
  "model": "auth.user",
  "pk": 1,
  "fields": {
    "password": "pbkdf2_sha256$1200000$3pEXtMYzPYpZm5MLUCipIK$T0gIOzofx70gpYLncv3jSMMf47CW9p7ObqdVFRcIKeg=",
    "last_login": "2026-05-29T18:50:57.389Z",
    "is_superuser": true,
    "username": "admin",
    "first_name": "",
    "last_name": "",
    "email": "bme.ibrahem_kamel@yahoo.com",
    "is_staff": true,
    "is_active": true,
    "date_joined": "2026-05-28T21:35:01Z",
    "groups": [
      1
    ],
    "user_permissions": [
      1,
      2,
      3,
      4,
      9,
      10,
      11,
      12,
      5,
      6,
      7,
      8,
      13,
      14,
      15,
      16,
      17,
      18,
      19,
      20,
      21,
      22,
      23,
      24
    ]
  }
},
{
  "model": "auth.user",
  "pk": 2,
  "fields": {
    "password": "pbkdf2_sha256$1200000$bFmQ3japL7HhiPRz9b43mb$JGFNN+neuYrDeyzpQZnI1RFlcAjpRIYI50shflkpgOE=",
    "last_login": "2026-05-29T18:22:42.531Z",
    "is_superuser": false,
    "username": "male-ass",
    "first_name": "",
    "last_name": "",
    "email": "",
    "is_staff": false,
    "is_active": true,
    "date_joined": "2026-05-29T04:30:47Z",
    "groups": [
      3
    ],
    "user_permissions": []
  }
},
{
  "model": "auth.user",
  "pk": 3,
  "fields": {
    "password": "pbkdf2_sha256$1200000$U4qYNqJ73FIs0vy1BoNP8t$uGlvqVtOrj9FFRNu3ZGbWlCw8QumVut8iJZjXr+Vc/I=",
    "last_login": "2026-05-29T05:50:05.812Z",
    "is_superuser": false,
    "username": "female-ass",
    "first_name": "",
    "last_name": "",
    "email": "",
    "is_staff": false,
    "is_active": true,
    "date_joined": "2026-05-29T04:32:36Z",
    "groups": [
      4
    ],
    "user_permissions": []
  }
},
{
  "model": "auth.user",
  "pk": 4,
  "fields": {
    "password": "pbkdf2_sha256$1200000$r6pSQqKEcghO9QBioG4KDY$6OnXMqSamgATYwTQvAu0MSBcifSY1j7dLv+XTLom1DY=",
    "last_login": "2026-05-29T05:30:35.248Z",
    "is_superuser": false,
    "username": "spec-ass",
    "first_name": "",
    "last_name": "",
    "email": "",
    "is_staff": false,
    "is_active": true,
    "date_joined": "2026-05-29T04:33:18Z",
    "groups": [
      5
    ],
    "user_permissions": []
  }
},
{
  "model": "auth.user",
  "pk": 5,
  "fields": {
    "password": "pbkdf2_sha256$1200000$LLOOzF1pwt2uagI6KLGmy5$4hiEvZInME3kxS5LPFCmAS29AGU3iWBcSjlQZUjHUj8=",
    "last_login": "2026-05-29T18:53:13.176Z",
    "is_superuser": false,
    "username": "cssd",
    "first_name": "",
    "last_name": "",
    "email": "",
    "is_staff": false,
    "is_active": true,
    "date_joined": "2026-05-29T04:33:53Z",
    "groups": [
      2
    ],
    "user_permissions": []
  }
},
{
  "model": "auth.user",
  "pk": 6,
  "fields": {
    "password": "pbkdf2_sha256$1200000$m0YjJzura2ShG1IKBKk2C8$/cxBKpTeorzsOQGBDigYcCqR1MuhximBj714oEZrlTA=",
    "last_login": "2026-05-29T18:42:00.684Z",
    "is_superuser": false,
    "username": "emr-ass",
    "first_name": "",
    "last_name": "",
    "email": "",
    "is_staff": false,
    "is_active": true,
    "date_joined": "2026-05-29T04:34:25Z",
    "groups": [
      6
    ],
    "user_permissions": []
  }
},
{
  "model": "auth.user",
  "pk": 7,
  "fields": {
    "password": "pbkdf2_sha256$1200000$wLMBQ8NIbzLsJSlC9rzJ6u$EyKKaIWPj1C3DbQwfMbm1PgIJlwjzpFzjxyl7/8Z6ME=",
    "last_login": null,
    "is_superuser": false,
    "username": "asrar",
    "first_name": "",
    "last_name": "",
    "email": "",
    "is_staff": false,
    "is_active": true,
    "date_joined": "2026-05-29T06:48:29Z",
    "groups": [
      3
    ],
    "user_permissions": []
  }
},
{
  "model": "auth.user",
  "pk": 8,
  "fields": {
    "password": "pbkdf2_sha256$1200000$fAdt07OpD4OFck0YtQqKGm$HKRnH9H8NIsLw3P4f9llF4XmtykesBVR0/KOKxmYlBk=",
    "last_login": "2026-05-29T07:15:24.813Z",
    "is_superuser": false,
    "username": "sabrin",
    "first_name": "",
    "last_name": "",
    "email": "",
    "is_staff": false,
    "is_active": true,
    "date_joined": "2026-05-29T06:48:49Z",
    "groups": [
      3
    ],
    "user_permissions": []
  }
},
{
  "model": "auth.user",
  "pk": 9,
  "fields": {
    "password": "pbkdf2_sha256$1200000$xsuNzULFVpvjPM1P4D1EkV$aT5KCXlFBsH60cGarU98+wckHloqBBzfyf/bLlz63Dw=",
    "last_login": "2026-05-29T07:13:42.840Z",
    "is_superuser": false,
    "username": "laila",
    "first_name": "",
    "last_name": "",
    "email": "",
    "is_staff": false,
    "is_active": true,
    "date_joined": "2026-05-29T06:48:58Z",
    "groups": [
      4
    ],
    "user_permissions": []
  }
},
{
  "model": "auth.user",
  "pk": 10,
  "fields": {
    "password": "pbkdf2_sha256$1200000$e6eXeF8NJ2C4TROVWuKEl1$bsmLS+A1Z8A8y8RzYQnYkpTpHg5cEV0fhEKepvV/KT4=",
    "last_login": "2026-05-29T20:19:05.887Z",
    "is_superuser": false,
    "username": "youmna",
    "first_name": "",
    "last_name": "",
    "email": "",
    "is_staff": false,
    "is_active": true,
    "date_joined": "2026-05-29T06:49:18Z",
    "groups": [
      5
    ],
    "user_permissions": []
  }
},
{
  "model": "auth.user",
  "pk": 11,
  "fields": {
    "password": "pbkdf2_sha256$1200000$Ittnb2KzbIzq0w5v5FS0uf$fVsElq3ecZSbDZWLerZs8jcZZNPIKG8pDumQKR40up0=",
    "last_login": "2026-05-29T07:43:20.878Z",
    "is_superuser": false,
    "username": "rahaf",
    "first_name": "",
    "last_name": "",
    "email": "",
    "is_staff": false,
    "is_active": true,
    "date_joined": "2026-05-29T06:49:30Z",
    "groups": [
      2
    ],
    "user_permissions": []
  }
},
{
  "model": "auth.user",
  "pk": 12,
  "fields": {
    "password": "pbkdf2_sha256$1200000$1QkDF5f6Kx8ya9A2mnLuol$y9Ogl56os76lHOw8WO4y4ANw5KM0rEC1YMGSL2exqjc=",
    "last_login": "2026-05-29T07:16:19.480Z",
    "is_superuser": false,
    "username": "amna",
    "first_name": "",
    "last_name": "",
    "email": "",
    "is_staff": false,
    "is_active": true,
    "date_joined": "2026-05-29T06:49:40Z",
    "groups": [
      2
    ],
    "user_permissions": []
  }
},
{
  "model": "auth.user",
  "pk": 13,
  "fields": {
    "password": "pbkdf2_sha256$1200000$5W2giSulAJco5RTF4Zc6Od$5Cy83tdzit4GJexu4aD+X9MJSOklZlSrVIGa/CH7KNI=",
    "last_login": "2026-05-29T07:18:08.466Z",
    "is_superuser": false,
    "username": "debiah",
    "first_name": "",
    "last_name": "",
    "email": "",
    "is_staff": false,
    "is_active": true,
    "date_joined": "2026-05-29T06:51:18Z",
    "groups": [
      5
    ],
    "user_permissions": []
  }
},
{
  "model": "auth.user",
  "pk": 14,
  "fields": {
    "password": "pbkdf2_sha256$1200000$emvk3KIrKMRx6QGyVQVG7T$Id4hfIyRaUrureupPExte4kZfMVMvG+X1WDwpJh/ug4=",
    "last_login": "2026-05-29T07:18:45.417Z",
    "is_superuser": false,
    "username": "elaf",
    "first_name": "",
    "last_name": "",
    "email": "",
    "is_staff": false,
    "is_active": true,
    "date_joined": "2026-05-29T06:52:06Z",
    "groups": [
      4
    ],
    "user_permissions": []
  }
},
{
  "model": "cssd.location",
  "pk": 1,
  "fields": {
    "name": "Male Clinics",
    "code": "Male",
    "group_type": "MALE"
  }
},
{
  "model": "cssd.location",
  "pk": 2,
  "fields": {
    "name": "Female Clinics",
    "code": "FEMALE",
    "group_type": "FEMALE"
  }
},
{
  "model": "cssd.location",
  "pk": 3,
  "fields": {
    "name": "Specialty Clinic 1",
    "code": "SP1",
    "group_type": "SPECIALTY"
  }
},
{
  "model": "cssd.location",
  "pk": 4,
  "fields": {
    "name": "Specialty Clinic 2",
    "code": "SP2",
    "group_type": "SPECIALTY"
  }
},
{
  "model": "cssd.location",
  "pk": 5,
  "fields": {
    "name": "Specialty Clinic 3",
    "code": "SP3",
    "group_type": "SPECIALTY"
  }
},
{
  "model": "cssd.location",
  "pk": 6,
  "fields": {
    "name": "Specialty Clinic 4",
    "code": "SP4",
    "group_type": "SPECIALTY"
  }
},
{
  "model": "cssd.location",
  "pk": 7,
  "fields": {
    "name": "Specialty Clinic 5",
    "code": "SP5",
    "group_type": "SPECIALTY"
  }
},
{
  "model": "cssd.location",
  "pk": 8,
  "fields": {
    "name": "Specialty Clinic 6",
    "code": "SP6",
    "group_type": "SPECIALTY"
  }
},
{
  "model": "cssd.location",
  "pk": 9,
  "fields": {
    "name": "Emergency Clinic 1",
    "code": "EM1",
    "group_type": "EMERGENCY"
  }
},
{
  "model": "cssd.location",
  "pk": 10,
  "fields": {
    "name": "Emergency Clinic 2",
    "code": "EM2",
    "group_type": "EMERGENCY"
  }
},
{
  "model": "cssd.location",
  "pk": 11,
  "fields": {
    "name": "CSSD",
    "code": "CSSD",
    "group_type": "CSSD"
  }
},
{
  "model": "cssd.cssdtemplate",
  "pk": 1,
  "fields": {
    "name": "Student",
    "code": "STUDENT"
  }
},
{
  "model": "cssd.cssdtemplate",
  "pk": 2,
  "fields": {
    "name": "Specialty",
    "code": "SPECIALTY"
  }
},
{
  "model": "cssd.cssdtemplate",
  "pk": 3,
  "fields": {
    "name": "Surgery",
    "code": "SURGERY"
  }
},
{
  "model": "cssd.cssdtemplate",
  "pk": 4,
  "fields": {
    "name": "Endo",
    "code": "ENDO"
  }
},
{
  "model": "cssd.cssdtemplate",
  "pk": 5,
  "fields": {
    "name": "Perio",
    "code": "PERIO"
  }
},
{
  "model": "cssd.cssdtemplate",
  "pk": 6,
  "fields": {
    "name": "Extraction Set",
    "code": "EXT-001"
  }
},
{
  "model": "cssd.cssdtemplateitem",
  "pk": 1,
  "fields": {
    "template": 1,
    "instrument_name": "Tray 1",
    "sort_order": 1
  }
},
{
  "model": "cssd.cssdtemplateitem",
  "pk": 2,
  "fields": {
    "template": 1,
    "instrument_name": "Tray 2",
    "sort_order": 2
  }
},
{
  "model": "cssd.cssdtemplateitem",
  "pk": 3,
  "fields": {
    "template": 1,
    "instrument_name": "Tray 3",
    "sort_order": 3
  }
},
{
  "model": "cssd.cssdtemplateitem",
  "pk": 4,
  "fields": {
    "template": 1,
    "instrument_name": "Tray 6",
    "sort_order": 4
  }
},
{
  "model": "cssd.cssdtemplateitem",
  "pk": 5,
  "fields": {
    "template": 1,
    "instrument_name": "Sickle Scaler",
    "sort_order": 5
  }
},
{
  "model": "cssd.cssdtemplateitem",
  "pk": 6,
  "fields": {
    "template": 1,
    "instrument_name": "Periodontal Diagnostic",
    "sort_order": 6
  }
},
{
  "model": "cssd.cssdtemplateitem",
  "pk": 7,
  "fields": {
    "template": 1,
    "instrument_name": "Syringe",
    "sort_order": 7
  }
},
{
  "model": "cssd.cssdtemplateitem",
  "pk": 8,
  "fields": {
    "template": 1,
    "instrument_name": "3 Way Syringe",
    "sort_order": 8
  }
},
{
  "model": "cssd.cssdtemplateitem",
  "pk": 9,
  "fields": {
    "template": 1,
    "instrument_name": "High Speed Hand Piece",
    "sort_order": 9
  }
},
{
  "model": "cssd.cssdtemplateitem",
  "pk": 10,
  "fields": {
    "template": 1,
    "instrument_name": "Low Speed Hand Piece",
    "sort_order": 10
  }
},
{
  "model": "cssd.cssdtemplateitem",
  "pk": 11,
  "fields": {
    "template": 1,
    "instrument_name": "Straight Hand Piece",
    "sort_order": 11
  }
},
{
  "model": "cssd.cssdtemplateitem",
  "pk": 12,
  "fields": {
    "template": 1,
    "instrument_name": "Coupling",
    "sort_order": 12
  }
},
{
  "model": "cssd.cssdtemplateitem",
  "pk": 13,
  "fields": {
    "template": 1,
    "instrument_name": "Light Cure Tip",
    "sort_order": 13
  }
},
{
  "model": "cssd.cssdtemplateitem",
  "pk": 14,
  "fields": {
    "template": 1,
    "instrument_name": "Spatula Small",
    "sort_order": 14
  }
},
{
  "model": "cssd.cssdtemplateitem",
  "pk": 15,
  "fields": {
    "template": 1,
    "instrument_name": "Palodent Ring",
    "sort_order": 15
  }
},
{
  "model": "cssd.cssdtemplateitem",
  "pk": 16,
  "fields": {
    "template": 1,
    "instrument_name": "Mandrel",
    "sort_order": 16
  }
},
{
  "model": "cssd.cssdtemplateitem",
  "pk": 17,
  "fields": {
    "template": 1,
    "instrument_name": "Spatula Big",
    "sort_order": 17
  }
},
{
  "model": "cssd.cssdtemplateitem",
  "pk": 18,
  "fields": {
    "template": 1,
    "instrument_name": "Glass Slap",
    "sort_order": 18
  }
},
{
  "model": "cssd.cssdtemplateitem",
  "pk": 19,
  "fields": {
    "template": 1,
    "instrument_name": "Template",
    "sort_order": 19
  }
},
{
  "model": "cssd.cssdtemplateitem",
  "pk": 20,
  "fields": {
    "template": 1,
    "instrument_name": "Applicator",
    "sort_order": 20
  }
},
{
  "model": "cssd.cssdtemplateitem",
  "pk": 21,
  "fields": {
    "template": 1,
    "instrument_name": "Scaler Key With Cover And Tip",
    "sort_order": 21
  }
},
{
  "model": "cssd.cssdtemplateitem",
  "pk": 22,
  "fields": {
    "template": 1,
    "instrument_name": "Blue Tray",
    "sort_order": 22
  }
},
{
  "model": "cssd.cssdtemplateitem",
  "pk": 23,
  "fields": {
    "template": 1,
    "instrument_name": "Intraoral Mirror",
    "sort_order": 23
  }
},
{
  "model": "cssd.cssdtemplateitem",
  "pk": 24,
  "fields": {
    "template": 1,
    "instrument_name": "Kidney Dish",
    "sort_order": 24
  }
},
{
  "model": "cssd.cssdtemplateitem",
  "pk": 25,
  "fields": {
    "template": 1,
    "instrument_name": "Apex Locator Tip",
    "sort_order": 25
  }
},
{
  "model": "cssd.cssdtemplateitem",
  "pk": 26,
  "fields": {
    "template": 1,
    "instrument_name": "Wire",
    "sort_order": 26
  }
},
{
  "model": "cssd.cssdtemplateitem",
  "pk": 27,
  "fields": {
    "template": 1,
    "instrument_name": "Rotary Head",
    "sort_order": 27
  }
},
{
  "model": "cssd.cssdtemplateitem",
  "pk": 28,
  "fields": {
    "template": 1,
    "instrument_name": "Pulp Test Tip",
    "sort_order": 28
  }
},
{
  "model": "cssd.cssdtemplateitem",
  "pk": 29,
  "fields": {
    "template": 1,
    "instrument_name": "Hook",
    "sort_order": 29
  }
},
{
  "model": "cssd.cssdtemplateitem",
  "pk": 30,
  "fields": {
    "template": 1,
    "instrument_name": "Blue Drill",
    "sort_order": 30
  }
},
{
  "model": "cssd.cssdtemplateitem",
  "pk": 31,
  "fields": {
    "template": 1,
    "instrument_name": "White Drill",
    "sort_order": 31
  }
},
{
  "model": "cssd.cssdtemplateitem",
  "pk": 32,
  "fields": {
    "template": 1,
    "instrument_name": "Red Drill",
    "sort_order": 32
  }
},
{
  "model": "cssd.cssdtemplateitem",
  "pk": 33,
  "fields": {
    "template": 1,
    "instrument_name": "Yellow Drill",
    "sort_order": 33
  }
},
{
  "model": "cssd.cssdtemplateitem",
  "pk": 34,
  "fields": {
    "template": 1,
    "instrument_name": "Bar Posterior",
    "sort_order": 34
  }
},
{
  "model": "cssd.cssdtemplateitem",
  "pk": 35,
  "fields": {
    "template": 1,
    "instrument_name": "Bitewing",
    "sort_order": 35
  }
},
{
  "model": "cssd.cssdtemplateitem",
  "pk": 36,
  "fields": {
    "template": 1,
    "instrument_name": "Black Ring",
    "sort_order": 36
  }
},
{
  "model": "cssd.cssdtemplateitem",
  "pk": 37,
  "fields": {
    "template": 1,
    "instrument_name": "Yellow",
    "sort_order": 37
  }
},
{
  "model": "cssd.cssdtemplateitem",
  "pk": 38,
  "fields": {
    "template": 1,
    "instrument_name": "Blue",
    "sort_order": 38
  }
},
{
  "model": "cssd.cssdtemplateitem",
  "pk": 39,
  "fields": {
    "template": 1,
    "instrument_name": "Red",
    "sort_order": 39
  }
},
{
  "model": "cssd.cssdtemplateitem",
  "pk": 40,
  "fields": {
    "template": 1,
    "instrument_name": "Green",
    "sort_order": 40
  }
},
{
  "model": "cssd.cssdtemplateitem",
  "pk": 41,
  "fields": {
    "template": 1,
    "instrument_name": "Mouth Prop",
    "sort_order": 41
  }
},
{
  "model": "cssd.cssdtemplateitem",
  "pk": 42,
  "fields": {
    "template": 1,
    "instrument_name": "Automatrix Pliers",
    "sort_order": 42
  }
},
{
  "model": "cssd.cssdtemplateitem",
  "pk": 43,
  "fields": {
    "template": 1,
    "instrument_name": "Matrix Holder",
    "sort_order": 43
  }
},
{
  "model": "cssd.cssdtemplateitem",
  "pk": 44,
  "fields": {
    "template": 1,
    "instrument_name": "Ivory Matrix",
    "sort_order": 44
  }
},
{
  "model": "cssd.cssdtemplateitem",
  "pk": 45,
  "fields": {
    "template": 1,
    "instrument_name": "Eliot",
    "sort_order": 45
  }
},
{
  "model": "cssd.cssdtemplateitem",
  "pk": 46,
  "fields": {
    "template": 1,
    "instrument_name": "Caliper",
    "sort_order": 46
  }
},
{
  "model": "cssd.cssdtemplateitem",
  "pk": 47,
  "fields": {
    "template": 1,
    "instrument_name": "Small Pliers",
    "sort_order": 47
  }
},
{
  "model": "cssd.cssdtemplateitem",
  "pk": 48,
  "fields": {
    "template": 1,
    "instrument_name": "Pedo Frame",
    "sort_order": 48
  }
},
{
  "model": "cssd.cssdtemplateitem",
  "pk": 49,
  "fields": {
    "template": 1,
    "instrument_name": "Plugger",
    "sort_order": 49
  }
},
{
  "model": "cssd.cssdtemplateitem",
  "pk": 50,
  "fields": {
    "template": 1,
    "instrument_name": "Dycal Applicator",
    "sort_order": 50
  }
},
{
  "model": "cssd.cssdtemplateitem",
  "pk": 51,
  "fields": {
    "template": 1,
    "instrument_name": "Excavator",
    "sort_order": 51
  }
},
{
  "model": "cssd.cssdtemplateitem",
  "pk": 52,
  "fields": {
    "template": 1,
    "instrument_name": "Condenser",
    "sort_order": 52
  }
},
{
  "model": "cssd.cssdtemplateitem",
  "pk": 53,
  "fields": {
    "template": 1,
    "instrument_name": "Golden Condenser",
    "sort_order": 53
  }
},
{
  "model": "cssd.cssdtemplateitem",
  "pk": 54,
  "fields": {
    "template": 1,
    "instrument_name": "Burnisher",
    "sort_order": 54
  }
},
{
  "model": "cssd.cssdtemplateitem",
  "pk": 55,
  "fields": {
    "template": 1,
    "instrument_name": "Cheek Retractor",
    "sort_order": 55
  }
},
{
  "model": "cssd.cssdtemplateitem",
  "pk": 56,
  "fields": {
    "template": 1,
    "instrument_name": "Gauge",
    "sort_order": 56
  }
},
{
  "model": "cssd.cssdtemplateitem",
  "pk": 57,
  "fields": {
    "template": 1,
    "instrument_name": "Endo Ruler",
    "sort_order": 57
  }
},
{
  "model": "cssd.cssdtemplateitem",
  "pk": 58,
  "fields": {
    "template": 1,
    "instrument_name": "Scissor",
    "sort_order": 58
  }
},
{
  "model": "cssd.cssdtemplateitem",
  "pk": 59,
  "fields": {
    "template": 1,
    "instrument_name": "Rubber Bowl",
    "sort_order": 59
  }
},
{
  "model": "cssd.cssdtemplateitem",
  "pk": 60,
  "fields": {
    "template": 1,
    "instrument_name": "Wax Knife",
    "sort_order": 60
  }
},
{
  "model": "cssd.cssdtemplateitem",
  "pk": 61,
  "fields": {
    "template": 1,
    "instrument_name": "Wax Carver",
    "sort_order": 61
  }
},
{
  "model": "cssd.cssdtemplateitem",
  "pk": 62,
  "fields": {
    "template": 1,
    "instrument_name": "Basbosa Knife",
    "sort_order": 62
  }
},
{
  "model": "cssd.cssdtemplateitem",
  "pk": 63,
  "fields": {
    "template": 1,
    "instrument_name": "Gun",
    "sort_order": 63
  }
},
{
  "model": "cssd.cssdtemplateitem",
  "pk": 64,
  "fields": {
    "template": 1,
    "instrument_name": "Crown Remover",
    "sort_order": 64
  }
},
{
  "model": "cssd.cssdtemplateitem",
  "pk": 65,
  "fields": {
    "template": 1,
    "instrument_name": "Blade Holder",
    "sort_order": 65
  }
},
{
  "model": "cssd.cssdtemplateitem",
  "pk": 66,
  "fields": {
    "template": 1,
    "instrument_name": "Acrylic",
    "sort_order": 66
  }
},
{
  "model": "cssd.cssdtemplateitem",
  "pk": 67,
  "fields": {
    "template": 4,
    "instrument_name": "TRAY 1",
    "sort_order": 1
  }
},
{
  "model": "cssd.cssdtemplateitem",
  "pk": 68,
  "fields": {
    "template": 4,
    "instrument_name": "TRAY 2",
    "sort_order": 2
  }
},
{
  "model": "cssd.cssdtemplateitem",
  "pk": 69,
  "fields": {
    "template": 4,
    "instrument_name": "METAL SYRING",
    "sort_order": 3
  }
},
{
  "model": "cssd.cssdtemplateitem",
  "pk": 70,
  "fields": {
    "template": 4,
    "instrument_name": "3WAY SYRING",
    "sort_order": 4
  }
},
{
  "model": "cssd.cssdtemplateitem",
  "pk": 71,
  "fields": {
    "template": 4,
    "instrument_name": "LIGHT CURE TIP",
    "sort_order": 5
  }
},
{
  "model": "cssd.cssdtemplateitem",
  "pk": 72,
  "fields": {
    "template": 4,
    "instrument_name": "ENDO RULER",
    "sort_order": 6
  }
},
{
  "model": "cssd.cssdtemplateitem",
  "pk": 73,
  "fields": {
    "template": 4,
    "instrument_name": "ENDO EXPLORER",
    "sort_order": 7
  }
},
{
  "model": "cssd.cssdtemplateitem",
  "pk": 74,
  "fields": {
    "template": 4,
    "instrument_name": "EXCAVITOR",
    "sort_order": 8
  }
},
{
  "model": "cssd.cssdtemplateitem",
  "pk": 75,
  "fields": {
    "template": 4,
    "instrument_name": "PLASTIC INSTRUMENT",
    "sort_order": 9
  }
},
{
  "model": "cssd.cssdtemplateitem",
  "pk": 76,
  "fields": {
    "template": 4,
    "instrument_name": "SPATULA SMALL",
    "sort_order": 10
  }
},
{
  "model": "cssd.cssdtemplateitem",
  "pk": 77,
  "fields": {
    "template": 4,
    "instrument_name": "PLUGGER",
    "sort_order": 11
  }
},
{
  "model": "cssd.cssdtemplateitem",
  "pk": 78,
  "fields": {
    "template": 4,
    "instrument_name": "HIGH SPEED HANDPIECE",
    "sort_order": 12
  }
},
{
  "model": "cssd.cssdtemplateitem",
  "pk": 79,
  "fields": {
    "template": 4,
    "instrument_name": "LOW SPEED HANDPIECE",
    "sort_order": 13
  }
},
{
  "model": "cssd.cssdtemplateitem",
  "pk": 80,
  "fields": {
    "template": 4,
    "instrument_name": "GUN APPLICATOR",
    "sort_order": 14
  }
},
{
  "model": "cssd.cssdtemplateitem",
  "pk": 81,
  "fields": {
    "template": 4,
    "instrument_name": "ULTRA SONIC SCALER TIP",
    "sort_order": 15
  }
},
{
  "model": "cssd.cssdtemplateitem",
  "pk": 82,
  "fields": {
    "template": 4,
    "instrument_name": "APEXO (WIRE&TIP)",
    "sort_order": 16
  }
},
{
  "model": "cssd.cssdtemplateitem",
  "pk": 83,
  "fields": {
    "template": 4,
    "instrument_name": "ROTARY HEAD",
    "sort_order": 17
  }
},
{
  "model": "cssd.cssdtemplateitem",
  "pk": 84,
  "fields": {
    "template": 4,
    "instrument_name": "BLUE TRY",
    "sort_order": 18
  }
},
{
  "model": "cssd.cssdtemplateitem",
  "pk": 85,
  "fields": {
    "template": 5,
    "instrument_name": "TRAY 1",
    "sort_order": 1
  }
},
{
  "model": "cssd.cssdtemplateitem",
  "pk": 86,
  "fields": {
    "template": 5,
    "instrument_name": "TRAY 2",
    "sort_order": 2
  }
},
{
  "model": "cssd.cssdtemplateitem",
  "pk": 87,
  "fields": {
    "template": 5,
    "instrument_name": "METAL SYRING",
    "sort_order": 3
  }
},
{
  "model": "cssd.cssdtemplateitem",
  "pk": 88,
  "fields": {
    "template": 5,
    "instrument_name": "3WAY SYRING",
    "sort_order": 4
  }
},
{
  "model": "cssd.cssdtemplateitem",
  "pk": 89,
  "fields": {
    "template": 5,
    "instrument_name": "Glass slap",
    "sort_order": 5
  }
},
{
  "model": "cssd.cssdtemplateitem",
  "pk": 90,
  "fields": {
    "template": 5,
    "instrument_name": "Surgical forceps",
    "sort_order": 6
  }
},
{
  "model": "cssd.cssdtemplateitem",
  "pk": 91,
  "fields": {
    "template": 5,
    "instrument_name": "Straight elevators",
    "sort_order": 7
  }
},
{
  "model": "cssd.cssdtemplateitem",
  "pk": 92,
  "fields": {
    "template": 5,
    "instrument_name": "EXCAVITOR",
    "sort_order": 8
  }
},
{
  "model": "cssd.cssdtemplateitem",
  "pk": 93,
  "fields": {
    "template": 5,
    "instrument_name": "PLASTIC INSTRUMENT",
    "sort_order": 9
  }
},
{
  "model": "cssd.cssdtemplateitem",
  "pk": 94,
  "fields": {
    "template": 5,
    "instrument_name": "SPATULA",
    "sort_order": 10
  }
},
{
  "model": "cssd.cssdtemplateitem",
  "pk": 95,
  "fields": {
    "template": 5,
    "instrument_name": "Periosteal elevator",
    "sort_order": 11
  }
},
{
  "model": "cssd.cssdtemplateitem",
  "pk": 96,
  "fields": {
    "template": 5,
    "instrument_name": "HIGH SPEED HANDPIECE",
    "sort_order": 12
  }
},
{
  "model": "cssd.cssdtemplateitem",
  "pk": 97,
  "fields": {
    "template": 5,
    "instrument_name": "LOW SPEED HANDPIECE",
    "sort_order": 13
  }
},
{
  "model": "cssd.cssdtemplateitem",
  "pk": 98,
  "fields": {
    "template": 5,
    "instrument_name": "Strouman kit",
    "sort_order": 14
  }
},
{
  "model": "cssd.cssdtemplateitem",
  "pk": 99,
  "fields": {
    "template": 5,
    "instrument_name": "ULTRA SONIC SCALER TIP",
    "sort_order": 15
  }
},
{
  "model": "cssd.cssdtemplateitem",
  "pk": 100,
  "fields": {
    "template": 5,
    "instrument_name": "Biohorizon kit",
    "sort_order": 16
  }
},
{
  "model": "cssd.cssdtemplateitem",
  "pk": 101,
  "fields": {
    "template": 5,
    "instrument_name": "Surgical kits",
    "sort_order": 17
  }
},
{
  "model": "cssd.cssdtemplateitem",
  "pk": 102,
  "fields": {
    "template": 5,
    "instrument_name": "BLUE TRY",
    "sort_order": 18
  }
},
{
  "model": "cssd.cssdtemplateitem",
  "pk": 103,
  "fields": {
    "template": 5,
    "instrument_name": "Surgical suction adabtor",
    "sort_order": 19
  }
},
{
  "model": "cssd.cssdtemplateitem",
  "pk": 104,
  "fields": {
    "template": 5,
    "instrument_name": "goggles",
    "sort_order": 20
  }
},
{
  "model": "cssd.cssdtemplateitem",
  "pk": 105,
  "fields": {
    "template": 5,
    "instrument_name": "Check retractors",
    "sort_order": 21
  }
},
{
  "model": "cssd.cssdtemplateitem",
  "pk": 106,
  "fields": {
    "template": 5,
    "instrument_name": "Lip retractors",
    "sort_order": 22
  }
},
{
  "model": "cssd.cssdtemplateitem",
  "pk": 107,
  "fields": {
    "template": 5,
    "instrument_name": "Chesil",
    "sort_order": 23
  }
},
{
  "model": "cssd.cssdtemplateitem",
  "pk": 108,
  "fields": {
    "template": 5,
    "instrument_name": "Blade holder",
    "sort_order": 24
  }
},
{
  "model": "cssd.cssdtemplateitem",
  "pk": 109,
  "fields": {
    "template": 5,
    "instrument_name": "Needle holder",
    "sort_order": 25
  }
},
{
  "model": "cssd.cssdtemplateitem",
  "pk": 110,
  "fields": {
    "template": 5,
    "instrument_name": "Sickle scaler",
    "sort_order": 26
  }
},
{
  "model": "cssd.cssdtemplateitem",
  "pk": 111,
  "fields": {
    "template": 5,
    "instrument_name": "x-ray holders",
    "sort_order": 27
  }
},
{
  "model": "cssd.cssdtemplateitem",
  "pk": 112,
  "fields": {
    "template": 5,
    "instrument_name": "Perio probe set",
    "sort_order": 28
  }
},
{
  "model": "cssd.cssdtemplateitem",
  "pk": 113,
  "fields": {
    "template": 5,
    "instrument_name": "Tray 6",
    "sort_order": 29
  }
},
{
  "model": "cssd.cssdtemplateitem",
  "pk": 114,
  "fields": {
    "template": 5,
    "instrument_name": "Scissors",
    "sort_order": 30
  }
},
{
  "model": "cssd.cssdtemplateitem",
  "pk": 115,
  "fields": {
    "template": 5,
    "instrument_name": "Inraoral mirrors",
    "sort_order": 31
  }
},
{
  "model": "cssd.cssdtemplateitem",
  "pk": 116,
  "fields": {
    "template": 5,
    "instrument_name": "Straight handpiece",
    "sort_order": 32
  }
},
{
  "model": "cssd.cssdtemplateitem",
  "pk": 117,
  "fields": {
    "template": 3,
    "instrument_name": "Tray 1",
    "sort_order": 1
  }
},
{
  "model": "cssd.cssdtemplateitem",
  "pk": 118,
  "fields": {
    "template": 3,
    "instrument_name": "Metal Syringe",
    "sort_order": 2
  }
},
{
  "model": "cssd.cssdtemplateitem",
  "pk": 119,
  "fields": {
    "template": 3,
    "instrument_name": "High Volume Suction",
    "sort_order": 3
  }
},
{
  "model": "cssd.cssdtemplateitem",
  "pk": 120,
  "fields": {
    "template": 3,
    "instrument_name": "Surgical Burs",
    "sort_order": 4
  }
},
{
  "model": "cssd.cssdtemplateitem",
  "pk": 121,
  "fields": {
    "template": 3,
    "instrument_name": "High Speed",
    "sort_order": 5
  }
},
{
  "model": "cssd.cssdtemplateitem",
  "pk": 122,
  "fields": {
    "template": 3,
    "instrument_name": "Coupling",
    "sort_order": 6
  }
},
{
  "model": "cssd.cssdtemplateitem",
  "pk": 123,
  "fields": {
    "template": 3,
    "instrument_name": "Needle Holder",
    "sort_order": 7
  }
},
{
  "model": "cssd.cssdtemplateitem",
  "pk": 124,
  "fields": {
    "template": 3,
    "instrument_name": "Blade Holder",
    "sort_order": 8
  }
},
{
  "model": "cssd.cssdtemplateitem",
  "pk": 125,
  "fields": {
    "template": 3,
    "instrument_name": "Bone File",
    "sort_order": 9
  }
},
{
  "model": "cssd.cssdtemplateitem",
  "pk": 126,
  "fields": {
    "template": 3,
    "instrument_name": "Bone Currete",
    "sort_order": 10
  }
},
{
  "model": "cssd.cssdtemplateitem",
  "pk": 127,
  "fields": {
    "template": 3,
    "instrument_name": "Bone Rongeur",
    "sort_order": 11
  }
},
{
  "model": "cssd.cssdtemplateitem",
  "pk": 128,
  "fields": {
    "template": 3,
    "instrument_name": "Kelly Straight",
    "sort_order": 12
  }
},
{
  "model": "cssd.cssdtemplateitem",
  "pk": 129,
  "fields": {
    "template": 3,
    "instrument_name": "Kelly Curve",
    "sort_order": 13
  }
},
{
  "model": "cssd.cssdtemplateitem",
  "pk": 130,
  "fields": {
    "template": 3,
    "instrument_name": "Allis",
    "sort_order": 14
  }
},
{
  "model": "cssd.cssdtemplateitem",
  "pk": 131,
  "fields": {
    "template": 3,
    "instrument_name": "Mallet",
    "sort_order": 15
  }
},
{
  "model": "cssd.cssdtemplateitem",
  "pk": 132,
  "fields": {
    "template": 3,
    "instrument_name": "Tissue Forcep",
    "sort_order": 16
  }
},
{
  "model": "cssd.cssdtemplateitem",
  "pk": 133,
  "fields": {
    "template": 3,
    "instrument_name": "Scissors",
    "sort_order": 17
  }
},
{
  "model": "cssd.cssdtemplateitem",
  "pk": 134,
  "fields": {
    "template": 3,
    "instrument_name": "Kidney Basin",
    "sort_order": 18
  }
},
{
  "model": "cssd.cssdtemplateitem",
  "pk": 135,
  "fields": {
    "template": 3,
    "instrument_name": "Upper Anterior",
    "sort_order": 19
  }
},
{
  "model": "cssd.cssdtemplateitem",
  "pk": 136,
  "fields": {
    "template": 3,
    "instrument_name": "Upper Premolar",
    "sort_order": 20
  }
},
{
  "model": "cssd.cssdtemplateitem",
  "pk": 137,
  "fields": {
    "template": 3,
    "instrument_name": "Upper Right Molar",
    "sort_order": 21
  }
},
{
  "model": "cssd.cssdtemplateitem",
  "pk": 138,
  "fields": {
    "template": 3,
    "instrument_name": "Upper Left Molar",
    "sort_order": 22
  }
},
{
  "model": "cssd.cssdtemplateitem",
  "pk": 139,
  "fields": {
    "template": 3,
    "instrument_name": "Upper Remaining Root",
    "sort_order": 23
  }
},
{
  "model": "cssd.cssdtemplateitem",
  "pk": 140,
  "fields": {
    "template": 3,
    "instrument_name": "Upper 3rd Molar (Jockey)",
    "sort_order": 24
  }
},
{
  "model": "cssd.cssdtemplateitem",
  "pk": 141,
  "fields": {
    "template": 3,
    "instrument_name": "Lower Anterior",
    "sort_order": 25
  }
},
{
  "model": "cssd.cssdtemplateitem",
  "pk": 142,
  "fields": {
    "template": 3,
    "instrument_name": "Lower Premolar",
    "sort_order": 26
  }
},
{
  "model": "cssd.cssdtemplateitem",
  "pk": 143,
  "fields": {
    "template": 3,
    "instrument_name": "Lower Molar",
    "sort_order": 27
  }
},
{
  "model": "cssd.cssdtemplateitem",
  "pk": 144,
  "fields": {
    "template": 3,
    "instrument_name": "Lower Remaining Root",
    "sort_order": 28
  }
},
{
  "model": "cssd.cssdtemplateitem",
  "pk": 145,
  "fields": {
    "template": 3,
    "instrument_name": "Straight Elevator",
    "sort_order": 29
  }
},
{
  "model": "cssd.cssdtemplateitem",
  "pk": 146,
  "fields": {
    "template": 3,
    "instrument_name": "Periostal Elevator",
    "sort_order": 30
  }
},
{
  "model": "cssd.cssdtemplateitem",
  "pk": 147,
  "fields": {
    "template": 3,
    "instrument_name": "Coupland",
    "sort_order": 31
  }
},
{
  "model": "cssd.cssdtemplateitem",
  "pk": 148,
  "fields": {
    "template": 3,
    "instrument_name": "Apexo Sharp Straight",
    "sort_order": 32
  }
},
{
  "model": "cssd.cssdtemplateitem",
  "pk": 149,
  "fields": {
    "template": 3,
    "instrument_name": "Apexo Sharp Right",
    "sort_order": 33
  }
},
{
  "model": "cssd.cssdtemplateitem",
  "pk": 150,
  "fields": {
    "template": 3,
    "instrument_name": "Apexo Sharp Left",
    "sort_order": 34
  }
},
{
  "model": "cssd.cssdtemplateitem",
  "pk": 151,
  "fields": {
    "template": 3,
    "instrument_name": "Apexo Blunt Straight",
    "sort_order": 35
  }
},
{
  "model": "cssd.cssdtemplateitem",
  "pk": 152,
  "fields": {
    "template": 3,
    "instrument_name": "Apexo Blunt Right",
    "sort_order": 36
  }
},
{
  "model": "cssd.cssdtemplateitem",
  "pk": 153,
  "fields": {
    "template": 3,
    "instrument_name": "Apexo Blunt Left",
    "sort_order": 37
  }
},
{
  "model": "cssd.cssdtemplateitem",
  "pk": 154,
  "fields": {
    "template": 3,
    "instrument_name": "Apexo Modified Straight",
    "sort_order": 38
  }
},
{
  "model": "cssd.cssdtemplateitem",
  "pk": 155,
  "fields": {
    "template": 3,
    "instrument_name": "Apexo Modified Right",
    "sort_order": 39
  }
},
{
  "model": "cssd.cssdtemplateitem",
  "pk": 156,
  "fields": {
    "template": 3,
    "instrument_name": "Apexo Modified Left",
    "sort_order": 40
  }
},
{
  "model": "cssd.cssdtemplateitem",
  "pk": 157,
  "fields": {
    "template": 3,
    "instrument_name": "Warwick James Straight",
    "sort_order": 41
  }
},
{
  "model": "cssd.cssdtemplateitem",
  "pk": 158,
  "fields": {
    "template": 3,
    "instrument_name": "Warwick James Right",
    "sort_order": 42
  }
},
{
  "model": "cssd.cssdtemplateitem",
  "pk": 159,
  "fields": {
    "template": 3,
    "instrument_name": "Warwick James Left",
    "sort_order": 43
  }
},
{
  "model": "cssd.cssdtemplateitem",
  "pk": 160,
  "fields": {
    "template": 3,
    "instrument_name": "Cryer Right",
    "sort_order": 44
  }
},
{
  "model": "cssd.cssdtemplateitem",
  "pk": 161,
  "fields": {
    "template": 3,
    "instrument_name": "Cryer Left",
    "sort_order": 45
  }
},
{
  "model": "cssd.cssdtemplateitem",
  "pk": 162,
  "fields": {
    "template": 3,
    "instrument_name": "Cross Bar Right",
    "sort_order": 46
  }
},
{
  "model": "cssd.cssdtemplateitem",
  "pk": 163,
  "fields": {
    "template": 3,
    "instrument_name": "Cross Bar Left",
    "sort_order": 47
  }
},
{
  "model": "cssd.cssdtemplateitem",
  "pk": 164,
  "fields": {
    "template": 3,
    "instrument_name": "Miller Right",
    "sort_order": 48
  }
},
{
  "model": "cssd.cssdtemplateitem",
  "pk": 165,
  "fields": {
    "template": 3,
    "instrument_name": "Miller Left",
    "sort_order": 49
  }
},
{
  "model": "cssd.cssdtemplateitem",
  "pk": 166,
  "fields": {
    "template": 3,
    "instrument_name": "Minnesota",
    "sort_order": 50
  }
},
{
  "model": "cssd.cssdtemplateitem",
  "pk": 167,
  "fields": {
    "template": 3,
    "instrument_name": "Seldin",
    "sort_order": 51
  }
},
{
  "model": "cssd.cssdtemplateitem",
  "pk": 168,
  "fields": {
    "template": 3,
    "instrument_name": "Langen",
    "sort_order": 52
  }
},
{
  "model": "cssd.cssdtemplateitem",
  "pk": 169,
  "fields": {
    "template": 3,
    "instrument_name": "Weider",
    "sort_order": 53
  }
},
{
  "model": "cssd.cssdtemplateitem",
  "pk": 170,
  "fields": {
    "template": 3,
    "instrument_name": "PEDO FORCEPS - Upper Anterior",
    "sort_order": 54
  }
},
{
  "model": "cssd.cssdtemplateitem",
  "pk": 171,
  "fields": {
    "template": 3,
    "instrument_name": "PEDO FORCEPS - Upper Premolar",
    "sort_order": 55
  }
},
{
  "model": "cssd.cssdtemplateitem",
  "pk": 172,
  "fields": {
    "template": 3,
    "instrument_name": "PEDO FORCEPS - Upper Right Molar",
    "sort_order": 56
  }
},
{
  "model": "cssd.cssdtemplateitem",
  "pk": 173,
  "fields": {
    "template": 3,
    "instrument_name": "PEDO FORCEPS - Upper Left Molar",
    "sort_order": 57
  }
},
{
  "model": "cssd.cssdtemplateitem",
  "pk": 174,
  "fields": {
    "template": 3,
    "instrument_name": "PEDO FORCEPS - Lower Anterior",
    "sort_order": 58
  }
},
{
  "model": "cssd.cssdtemplateitem",
  "pk": 175,
  "fields": {
    "template": 3,
    "instrument_name": "PEDO FORCEPS - Lower Premolar",
    "sort_order": 59
  }
},
{
  "model": "cssd.cssdtemplateitem",
  "pk": 176,
  "fields": {
    "template": 3,
    "instrument_name": "PEDO FORCEPS - Lower Molar",
    "sort_order": 60
  }
},
{
  "model": "cssd.cssdtemplateitem",
  "pk": 177,
  "fields": {
    "template": 2,
    "instrument_name": "Tray 1",
    "sort_order": 1
  }
},
{
  "model": "cssd.cssdtemplateitem",
  "pk": 178,
  "fields": {
    "template": 2,
    "instrument_name": "Tray 2",
    "sort_order": 2
  }
},
{
  "model": "cssd.cssdtemplateitem",
  "pk": 179,
  "fields": {
    "template": 2,
    "instrument_name": "TRAY3",
    "sort_order": 3
  }
},
{
  "model": "cssd.cssdtemplateitem",
  "pk": 180,
  "fields": {
    "template": 2,
    "instrument_name": "TRAY 6",
    "sort_order": 4
  }
},
{
  "model": "cssd.cssdtemplateitem",
  "pk": 181,
  "fields": {
    "template": 2,
    "instrument_name": "PERIO PROP",
    "sort_order": 5
  }
},
{
  "model": "cssd.cssdtemplateitem",
  "pk": 182,
  "fields": {
    "template": 2,
    "instrument_name": "Supra",
    "sort_order": 6
  }
},
{
  "model": "cssd.cssdtemplateitem",
  "pk": 183,
  "fields": {
    "template": 2,
    "instrument_name": "Syringe",
    "sort_order": 7
  }
},
{
  "model": "cssd.cssdtemplateitem",
  "pk": 184,
  "fields": {
    "template": 2,
    "instrument_name": "3 Way Syringe",
    "sort_order": 8
  }
},
{
  "model": "cssd.cssdtemplateitem",
  "pk": 185,
  "fields": {
    "template": 2,
    "instrument_name": "High Speed",
    "sort_order": 9
  }
},
{
  "model": "cssd.cssdtemplateitem",
  "pk": 186,
  "fields": {
    "template": 2,
    "instrument_name": "Low Speed",
    "sort_order": 10
  }
},
{
  "model": "cssd.cssdtemplateitem",
  "pk": 187,
  "fields": {
    "template": 2,
    "instrument_name": "Straight Handpiece",
    "sort_order": 11
  }
},
{
  "model": "cssd.cssdtemplateitem",
  "pk": 188,
  "fields": {
    "template": 2,
    "instrument_name": "Acrylic Bur",
    "sort_order": 12
  }
},
{
  "model": "cssd.cssdtemplateitem",
  "pk": 189,
  "fields": {
    "template": 2,
    "instrument_name": "Coupling",
    "sort_order": 13
  }
},
{
  "model": "cssd.cssdtemplateitem",
  "pk": 190,
  "fields": {
    "template": 2,
    "instrument_name": "Light cure tip",
    "sort_order": 14
  }
},
{
  "model": "cssd.cssdtemplateitem",
  "pk": 191,
  "fields": {
    "template": 2,
    "instrument_name": "Excavator",
    "sort_order": 15
  }
},
{
  "model": "cssd.cssdtemplateitem",
  "pk": 192,
  "fields": {
    "template": 2,
    "instrument_name": "Spatula Small",
    "sort_order": 16
  }
},
{
  "model": "cssd.cssdtemplateitem",
  "pk": 193,
  "fields": {
    "template": 2,
    "instrument_name": "Mandrill",
    "sort_order": 17
  }
},
{
  "model": "cssd.cssdtemplateitem",
  "pk": 194,
  "fields": {
    "template": 2,
    "instrument_name": "Matrix Holder",
    "sort_order": 18
  }
},
{
  "model": "cssd.cssdtemplateitem",
  "pk": 195,
  "fields": {
    "template": 2,
    "instrument_name": "Automatrix Plier Set",
    "sort_order": 19
  }
},
{
  "model": "cssd.cssdtemplateitem",
  "pk": 196,
  "fields": {
    "template": 2,
    "instrument_name": "Applicator",
    "sort_order": 20
  }
},
{
  "model": "cssd.cssdtemplateitem",
  "pk": 197,
  "fields": {
    "template": 2,
    "instrument_name": "Scaler Key with cover",
    "sort_order": 21
  }
},
{
  "model": "cssd.cssdtemplateitem",
  "pk": 198,
  "fields": {
    "template": 2,
    "instrument_name": "Scaler Tip",
    "sort_order": 22
  }
},
{
  "model": "cssd.cssdtemplateitem",
  "pk": 199,
  "fields": {
    "template": 2,
    "instrument_name": "Apex Locator (Wire+Tip)",
    "sort_order": 23
  }
},
{
  "model": "cssd.cssdtemplateitem",
  "pk": 200,
  "fields": {
    "template": 2,
    "instrument_name": "Rotary Head",
    "sort_order": 24
  }
},
{
  "model": "cssd.cssdtemplateitem",
  "pk": 201,
  "fields": {
    "template": 2,
    "instrument_name": "Pulp Test(Wire+Tip)",
    "sort_order": 25
  }
},
{
  "model": "cssd.cssdtemplateitem",
  "pk": 202,
  "fields": {
    "template": 2,
    "instrument_name": "Endo Ruler",
    "sort_order": 26
  }
},
{
  "model": "cssd.cssdtemplateitem",
  "pk": 203,
  "fields": {
    "template": 2,
    "instrument_name": "Condenser",
    "sort_order": 27
  }
},
{
  "model": "cssd.cssdtemplateitem",
  "pk": 204,
  "fields": {
    "template": 2,
    "instrument_name": "Plugger",
    "sort_order": 28
  }
},
{
  "model": "cssd.cssdtemplateitem",
  "pk": 205,
  "fields": {
    "template": 2,
    "instrument_name": "Blade Holder",
    "sort_order": 29
  }
},
{
  "model": "cssd.cssdtemplateitem",
  "pk": 206,
  "fields": {
    "template": 2,
    "instrument_name": "Needle Holder",
    "sort_order": 30
  }
},
{
  "model": "cssd.cssdtemplateitem",
  "pk": 207,
  "fields": {
    "template": 2,
    "instrument_name": "Plastic ruler",
    "sort_order": 31
  }
},
{
  "model": "cssd.cssdtemplateitem",
  "pk": 208,
  "fields": {
    "template": 2,
    "instrument_name": "Black Ring",
    "sort_order": 32
  }
},
{
  "model": "cssd.cssdtemplateitem",
  "pk": 209,
  "fields": {
    "template": 2,
    "instrument_name": "Posterior Bar",
    "sort_order": 33
  }
},
{
  "model": "cssd.cssdtemplateitem",
  "pk": 210,
  "fields": {
    "template": 2,
    "instrument_name": "Bitewing Bar",
    "sort_order": 34
  }
},
{
  "model": "cssd.cssdtemplateitem",
  "pk": 211,
  "fields": {
    "template": 2,
    "instrument_name": "Endo Bar",
    "sort_order": 35
  }
},
{
  "model": "cssd.cssdtemplateitem",
  "pk": 212,
  "fields": {
    "template": 2,
    "instrument_name": "Yellow Holder",
    "sort_order": 36
  }
},
{
  "model": "cssd.cssdtemplateitem",
  "pk": 213,
  "fields": {
    "template": 2,
    "instrument_name": "Blue Holder",
    "sort_order": 37
  }
},
{
  "model": "cssd.cssdtemplateitem",
  "pk": 214,
  "fields": {
    "template": 2,
    "instrument_name": "Red Holder",
    "sort_order": 38
  }
},
{
  "model": "cssd.cssdtemplateitem",
  "pk": 215,
  "fields": {
    "template": 2,
    "instrument_name": "Green Holder",
    "sort_order": 39
  }
},
{
  "model": "cssd.cssdtemplateitem",
  "pk": 216,
  "fields": {
    "template": 2,
    "instrument_name": "Pedo Frame",
    "sort_order": 40
  }
},
{
  "model": "cssd.cssdtemplateitem",
  "pk": 217,
  "fields": {
    "template": 2,
    "instrument_name": "Caliper(curve &straight)",
    "sort_order": 41
  }
},
{
  "model": "cssd.cssdtemplateitem",
  "pk": 218,
  "fields": {
    "template": 2,
    "instrument_name": "Crown Removal",
    "sort_order": 42
  }
},
{
  "model": "cssd.cssdtemplateitem",
  "pk": 219,
  "fields": {
    "template": 2,
    "instrument_name": "PLIERS",
    "sort_order": 43
  }
},
{
  "model": "cssd.cssdtemplateitem",
  "pk": 220,
  "fields": {
    "template": 2,
    "instrument_name": "Mouth Prop",
    "sort_order": 44
  }
},
{
  "model": "cssd.cssdtemplateitem",
  "pk": 221,
  "fields": {
    "template": 2,
    "instrument_name": "Gold Instrument",
    "sort_order": 45
  }
},
{
  "model": "cssd.cssdtemplateitem",
  "pk": 222,
  "fields": {
    "template": 2,
    "instrument_name": "Dycal Applicator",
    "sort_order": 46
  }
},
{
  "model": "cssd.cssdtemplateitem",
  "pk": 223,
  "fields": {
    "template": 2,
    "instrument_name": "Template",
    "sort_order": 47
  }
},
{
  "model": "cssd.cssdtemplateitem",
  "pk": 224,
  "fields": {
    "template": 2,
    "instrument_name": "Scissors",
    "sort_order": 48
  }
},
{
  "model": "cssd.cssdtemplateitem",
  "pk": 225,
  "fields": {
    "template": 2,
    "instrument_name": "Intra Oral Mirror",
    "sort_order": 49
  }
},
{
  "model": "cssd.cssdtemplateitem",
  "pk": 226,
  "fields": {
    "template": 2,
    "instrument_name": "Cheek Retractor",
    "sort_order": 50
  }
},
{
  "model": "cssd.cssdtemplateitem",
  "pk": 227,
  "fields": {
    "template": 2,
    "instrument_name": "Gun",
    "sort_order": 51
  }
},
{
  "model": "cssd.cssdtemplateitem",
  "pk": 228,
  "fields": {
    "template": 2,
    "instrument_name": "White Drill",
    "sort_order": 52
  }
},
{
  "model": "cssd.cssdtemplateitem",
  "pk": 229,
  "fields": {
    "template": 2,
    "instrument_name": "Yellow Drill",
    "sort_order": 53
  }
},
{
  "model": "cssd.cssdtemplateitem",
  "pk": 230,
  "fields": {
    "template": 2,
    "instrument_name": "Red Drill",
    "sort_order": 54
  }
},
{
  "model": "cssd.cssdtemplateitem",
  "pk": 231,
  "fields": {
    "template": 2,
    "instrument_name": "Blue Drill",
    "sort_order": 55
  }
},
{
  "model": "cssd.cssdtemplateitem",
  "pk": 232,
  "fields": {
    "template": 2,
    "instrument_name": "Rubber Bowl",
    "sort_order": 56
  }
},
{
  "model": "cssd.cssdtemplateitem",
  "pk": 233,
  "fields": {
    "template": 2,
    "instrument_name": "Spatula Big (metal&plastic)",
    "sort_order": 57
  }
},
{
  "model": "cssd.cssdtemplateitem",
  "pk": 234,
  "fields": {
    "template": 2,
    "instrument_name": "Wax Knife",
    "sort_order": 58
  }
},
{
  "model": "cssd.cssdtemplateitem",
  "pk": 235,
  "fields": {
    "template": 2,
    "instrument_name": "Wax Carver",
    "sort_order": 59
  }
},
{
  "model": "cssd.cssdtemplateitem",
  "pk": 236,
  "fields": {
    "template": 2,
    "instrument_name": "Glass Slab",
    "sort_order": 60
  }
},
{
  "model": "cssd.cssdtemplateitem",
  "pk": 237,
  "fields": {
    "template": 2,
    "instrument_name": "Basbosa Knife",
    "sort_order": 61
  }
},
{
  "model": "cssd.cssdrequest",
  "pk": 22,
  "fields": {
    "location": 9,
    "procedure": "",
    "status": "CLOSED",
    "created_by": 1,
    "created_at": "2026-05-29T18:14:26.776Z",
    "received_by": 1,
    "received_at": "2026-05-29T18:14:40.825Z",
    "returned_by": 1,
    "returned_at": "2026-05-29T18:15:36.942Z",
    "closed_by": 1,
    "closed_at": "2026-05-29T18:15:42.899Z"
  }
},
{
  "model": "cssd.cssdrequest",
  "pk": 23,
  "fields": {
    "location": 9,
    "procedure": "",
    "status": "CLOSED",
    "created_by": 6,
    "created_at": "2026-05-29T18:40:00.997Z",
    "received_by": 5,
    "received_at": "2026-05-29T18:41:23.568Z",
    "returned_by": 5,
    "returned_at": "2026-05-29T18:41:35.335Z",
    "closed_by": 6,
    "closed_at": "2026-05-29T18:42:05.592Z"
  }
},
{
  "model": "cssd.cssdrequesttemplate",
  "pk": 20,
  "fields": {
    "cssd_request": 22,
    "template": 5
  }
},
{
  "model": "cssd.cssdrequesttemplate",
  "pk": 21,
  "fields": {
    "cssd_request": 22,
    "template": 1
  }
},
{
  "model": "cssd.cssdrequestitem",
  "pk": 38,
  "fields": {
    "cssd_request": 22,
    "cssd_request_template": 20,
    "instrument_name": "METAL SYRING",
    "quantity_sent": 3,
    "quantity_received_by_cssd": 3,
    "quantity_returned": 3,
    "remarks": "",
    "is_manual": false
  }
},
{
  "model": "cssd.cssdrequestitem",
  "pk": 39,
  "fields": {
    "cssd_request": 22,
    "cssd_request_template": 20,
    "instrument_name": "Surgical forceps",
    "quantity_sent": 3,
    "quantity_received_by_cssd": 3,
    "quantity_returned": 3,
    "remarks": "",
    "is_manual": false
  }
},
{
  "model": "cssd.cssdrequestitem",
  "pk": 40,
  "fields": {
    "cssd_request": 22,
    "cssd_request_template": 21,
    "instrument_name": "Tray 2",
    "quantity_sent": 2,
    "quantity_received_by_cssd": 2,
    "quantity_returned": 2,
    "remarks": "",
    "is_manual": false
  }
},
{
  "model": "cssd.cssdrequestitem",
  "pk": 41,
  "fields": {
    "cssd_request": 22,
    "cssd_request_template": 21,
    "instrument_name": "Tray 3",
    "quantity_sent": 4,
    "quantity_received_by_cssd": 4,
    "quantity_returned": 4,
    "remarks": "",
    "is_manual": false
  }
},
{
  "model": "cssd.cssdrequestitem",
  "pk": 42,
  "fields": {
    "cssd_request": 22,
    "cssd_request_template": 21,
    "instrument_name": "Sickle Scaler",
    "quantity_sent": 6,
    "quantity_received_by_cssd": 6,
    "quantity_returned": 6,
    "remarks": "",
    "is_manual": false
  }
},
{
  "model": "cssd.cssdrequestitem",
  "pk": 43,
  "fields": {
    "cssd_request": 22,
    "cssd_request_template": 21,
    "instrument_name": "3 Way Syringe",
    "quantity_sent": 1,
    "quantity_received_by_cssd": 1,
    "quantity_returned": 1,
    "remarks": "",
    "is_manual": false
  }
},
{
  "model": "cssd.cssdrequestitem",
  "pk": 44,
  "fields": {
    "cssd_request": 22,
    "cssd_request_template": null,
    "instrument_name": "K FILE",
    "quantity_sent": 1,
    "quantity_received_by_cssd": 1,
    "quantity_returned": 1,
    "remarks": "",
    "is_manual": true
  }
},
{
  "model": "cssd.cssdrequestitem",
  "pk": 45,
  "fields": {
    "cssd_request": 23,
    "cssd_request_template": null,
    "instrument_name": "K FILE",
    "quantity_sent": 7,
    "quantity_received_by_cssd": 5,
    "quantity_returned": 5,
    "remarks": "",
    "is_manual": true
  }
},
{
  "model": "cssd.notification",
  "pk": 77,
  "fields": {
    "target_group": "CSSD",
    "title": "New CSSD Request",
    "message": "New request from Emergency Clinic 1: Perio, Student",
    "cssd_request": 22,
    "is_read": true,
    "created_at": "2026-05-29T18:14:27.000Z"
  }
},
{
  "model": "cssd.notification",
  "pk": 78,
  "fields": {
    "target_group": "EMERGENCY",
    "title": "CSSD Received Request",
    "message": "CSSD received request #22",
    "cssd_request": 22,
    "is_read": true,
    "created_at": "2026-05-29T18:14:40.846Z"
  }
},
{
  "model": "cssd.notification",
  "pk": 79,
  "fields": {
    "target_group": "EMERGENCY",
    "title": "Instruments Returned",
    "message": "CSSD returned request #22 to clinic",
    "cssd_request": 22,
    "is_read": true,
    "created_at": "2026-05-29T18:15:36.965Z"
  }
},
{
  "model": "cssd.notification",
  "pk": 80,
  "fields": {
    "target_group": "CSSD",
    "title": "Clinic Confirmed Receipt",
    "message": "Clinic confirmed receiving request #22",
    "cssd_request": 22,
    "is_read": true,
    "created_at": "2026-05-29T18:15:42.937Z"
  }
},
{
  "model": "cssd.notification",
  "pk": 81,
  "fields": {
    "target_group": "CSSD",
    "title": "New CSSD Request",
    "message": "New request from Emergency Clinic 1: ",
    "cssd_request": 23,
    "is_read": true,
    "created_at": "2026-05-29T18:40:01.079Z"
  }
},
{
  "model": "cssd.notification",
  "pk": 82,
  "fields": {
    "target_group": "EMERGENCY",
    "title": "CSSD Received Request",
    "message": "CSSD received request #23",
    "cssd_request": 23,
    "is_read": true,
    "created_at": "2026-05-29T18:41:23.592Z"
  }
},
{
  "model": "cssd.notification",
  "pk": 83,
  "fields": {
    "target_group": "EMERGENCY",
    "title": "Instruments Returned",
    "message": "CSSD returned request #23 to clinic",
    "cssd_request": 23,
    "is_read": true,
    "created_at": "2026-05-29T18:41:35.357Z"
  }
},
{
  "model": "cssd.notification",
  "pk": 84,
  "fields": {
    "target_group": "CSSD",
    "title": "Clinic Confirmed Receipt",
    "message": "Clinic confirmed receiving request #23",
    "cssd_request": 23,
    "is_read": true,
    "created_at": "2026-05-29T18:42:05.641Z"
  }
}
]
